first_name,last_name,email,password,password_hint,street,city,state,zip_code,title,birthday,gender,company_relationship
Philie,Stewart,philip.stewart@gmail.com,Password1q2w3e4r5t!!,Nimda123,3476 Aliquet. Avue,Minot,AZ,95302,Director in Benji,1970-10-19,Male,STAFF
Alexandra,Pappas,alexandra.pappas@gmail.com,Password1q2w3e4r5t!!,Nimda123,Ap #443-336 Ullamcorper Street,Lynchburg,DC,29738,Line Producer in Benji,1974-07-16,Female,STAFF
Wendy,Salle,wend.salle@gmail.com,Password1q2w3e4r5t!!,Nimda123,711-2880 Nulla St.,Mankato,MI,96522,Producer at Gap,1970-06-14,Female,CONTRACTOR
Jeremy,Ring,jeremy.ring@gmail.com,Password1q2w3e4r5t!!,Nimda124,P.O. Box 283 8562 Fusce Rd.,Frederick,NE,20620,Video Producer & Digital Marketer,1962-09-20,Male,CONTRACTOR
Tristan,Reinhart,tristan.reinhart@gmail.com,Password1q2w3e4r5t!!,Nimda125,606-3727 Ullamcorper. Street,Roseville,NH,11523,Producter at Collectively Inc,1961-08-19,Male,CONTRACTOR
Brenda,Cardona,brenda.cardona@gmail.com,Password1q2w3e4r5t!!,Nimda126,Ap #867-859 Sit Rd.,Azusa,NY,39531,Producer at 160over90,1979-03-08,Female,CONTRACTOR
Dean,Madsen,dean.madsen@gmail.com,Password1q2w3e4r5t!!,Nimda127,7292 Dictum Av.,San Antonio,MI,47096,Producer at Zealot,1983-01-22,Male,CONTRACTOR
Nathan,Blackmar,nathan.blackmar@gmail.com,Password1q2w3e4r5t!!,Nimda128,Ap #651-8679 Sodales Av.,Tamuning,PA,10855,Independent Web Video Producer,1976-04-01,Male,CONTRACTOR
Zev,Gross,zev.gross@gmail.com,Password1q2w3e4r5t!!,Nimda129,191-103 Integer Rd.,Corona,NM,8219,Producer at Lemonlight,1973-01-07,Male,CONTRACTOR
James,Lin,james.lin@gmail.com,Password1q2w3e4r5t!!,Nimda130,P.O. Box 887 2508 Dolor. Av.,Muskegon,KY,12482,Producer at Instrument,1977-07-21,Male,CONTRACTOR
Allon,Mason,allon.mason@gmail.com,Password1q2w3e4r5t!!,Nimda131,511-5762 At Rd.,Chelsea,MI,67708,Producer at Upstatement,1980-01-25,Male,CONTRACTOR
Alena,Volkova,alena.volkova@gmail.com,Password1q2w3e4r5t!!,Nimda132,935-9940 Torto. Street,Santa Rosa,MN,98804,Producer at Spin Master,1978-03-03,Female,CONTRACTOR
Stephen,Samson,stephen.samson@gmail.com,Password1q2w3e4r5t!!,Nimda133,P.O. Box 929 4198 Nunc Road,Lebanon,KY,69409,Senior Producer at BuzzFeed Tasty,1964-09-27,Male,CONTRACTOR
Nehal,Athani,nehal.athani@gmail.com,Password1q2w3e4r5t!!,Nimda134,"5587 Nunc, Avenue",Erie Rhode,IN,24975,Producer Epipheo,1962-08-26,Male,CONTRACTOR
Marianyela,Duty,marianyela.duty@gmail.com,Password1q2w3e4r5t!!,Nimda135,Ap #696-3279 Viverra. Avenue,Latrobe,DE,38100,Producer at Listen,1977-10-27,Female,CONTRACTOR
Martin,Mikelson,martin.mikeson@gmail.com,Password1q2w3e4r5t!!,Nimda136,P.O. Box 132 1599 Curabitur Rd,Bandera,SD,45149,Executive Producer at Google,1984-02-29,Male,CONTRACTOR
Teri,Diaz,teri.diaz@gmail.com,Password1q2w3e4r5t!!,Nimda137,347-7666 Iaculis St.,Woodruff,SC,49854,Producer at First Person,1964-05-10,Female,CONTRACTOR
Wang,Yi,wang.yi@gmail.com,Password1q2w3e4r5t!!,Nimda138,666-4366 Lacinia Avenue,Idaho Falls,OH,19253,Freelance Film Producer,1967-11-29,Female,CONTRACTOR
Zhao,Lin,zhao.lin@gmail.com,Password1q2w3e4r5t!!,Nimda139,557-6308 Lacinia Road,San Bernardino,ND,9289,Producer at RPA,1974-01-11,Male,CONTRACTOR
Yan,Sifan,yan.sifan@gmail.com,Password1q2w3e4r5t!!,Nimda140,Ap #285-7193 Ullamcorper Avenue,Amesbury,HI,93373,Producer at Narrative,1966-04-24,Male,CONTRACTOR
Rey,Gaspar,rey.gaspar@gmail.com,Password1q2w3e4r5t!!,Nimda141,5543 Aliquet St.,Fort Dodge,GA,20783,Producer at Trumpet Advertising,1980-09-06,Male,CONTRACTOR
David,Petnick,david.petrick@gmail.com,Password1q2w3e4r5t!!,Nimda142,5037 Diam Rd.,Daly City,OH,90255,Producer at Assemble ,1967-09-23,Male,CONTRACTOR